Control Code,Parent Control Code,Domain,Control Type,Description,SOC 2 Direct Mapping,SOC 2 Inherited Mapping,SOC 2 Effective Mapping,CIS IG1 Mapping,Suggested Evidence Examples,Evidence Keywords,Recommendation Template,Source
AC-01,,Access Control,Parent Control,"A list of system assets, components, and respective owners are maintained and reviewed at least annually.",CC6.1,,CC6.1,CIS_IG1_1_1.1,Access control policy; Identity provider settings; User access export; MFA or authentication configuration; Access review records,list; assets; components; respective; owners; least; annually,"Maintain documented access controls, retain evidence of authorization, authentication, least privilege, and periodic review.",Secureframe-derived sanitized control export
AC-01-1,AC-01,Access Control,Child / Implementation Control,"Inventory of system assets including software, hardware, assets, their respective owners and relevant details is maintained and reviewed at least annually.",,CC6.1,CC6.1,"CIS_IG1_1_1.2, CIS_IG1_2_2.1, CIS_IG1_2_2.3, CIS_IG1_9_9.1",Access control policy; Identity provider settings; User access export; MFA or authentication configuration; Access review records,inventory; assets; including; software; hardware; their; respective; owners; relevant; details; least; annually,"Maintain documented access controls, retain evidence of authorization, authentication, least privilege, and periodic review.",Secureframe-derived sanitized control export
AC-01-10,AC-01,Access Control,Child / Implementation Control,"Automatic system assets and components detection alerts administrators of potentially unauthorized hardware, software, or firmware.",,CC6.1,CC6.1,"CIS_IG1_1_1.2, CIS_IG1_2_2.3",Access control policy; Identity provider settings; User access export; MFA or authentication configuration; Access review records,automatic; assets; components; detection; alerts; administrators; potentially; unauthorized; hardware; software; firmware,"Maintain documented access controls, retain evidence of authorization, authentication, least privilege, and periodic review.",Secureframe-derived sanitized control export
AC-01-11,AC-01,Access Control,Child / Implementation Control,Maintain an inventory of all in-scope resources and systems.,,CC6.1,CC6.1,CIS_IG1_1_1.2,Access control policy; Identity provider settings; User access export; MFA or authentication configuration; Access review records,maintain; inventory; resources,"Maintain documented access controls, retain evidence of authorization, authentication, least privilege, and periodic review.",Secureframe-derived sanitized control export
AC-02,,Access Control,Parent Control,"Personnel are assigned unique IDs to access sensitive systems, networks, and information",CC6.1,,CC6.1,"CIS_IG1_3_3.3, CIS_IG1_5_5.4",Access control policy; Identity provider settings; User access export; MFA or authentication configuration; Access review records,assigned; unique; sensitive; networks; information,"Maintain documented access controls, retain evidence of authorization, authentication, least privilege, and periodic review.",Secureframe-derived sanitized control export
AC-02-21,AC-02,Access Control,Child / Implementation Control,"Additions, deletions and modifications of user accounts and authentication factors are managed securely.",,CC6.1,CC6.1,CIS_IG1_6_6.1,Access control policy; Identity provider settings; User access export; MFA or authentication configuration; Access review records,additions; deletions; modifications; accounts; authentication; factors; managed; securely,"Maintain documented access controls, retain evidence of authorization, authentication, least privilege, and periodic review.",Secureframe-derived sanitized control export
AC-03,,Access Control,Parent Control,"Personnel are required to use strong, complex passwords and a second form of authentication to access sensitive systems, networks, and information.","CC6.1, CC6.6",,"CC6.1, CC6.6",CIS_IG1_5_5.2,Access control policy; Identity provider settings; User access export; MFA or authentication configuration; Access review records,required; strong; complex; passwords; second; form; authentication; sensitive; networks; information,"Maintain documented access controls, retain evidence of authorization, authentication, least privilege, and periodic review.",Secureframe-derived sanitized control export
AC-03-11,AC-03,Access Control,Child / Implementation Control,Incorporate multi-factor authentication for all remote access into the in-scope environment for personnel with administrative access.,,"CC6.1, CC6.6","CC6.1, CC6.6","CIS_IG1_6_6.3, CIS_IG1_6_6.4, CIS_IG1_6_6.5",Access control policy; Identity provider settings; User access export; MFA or authentication configuration; Access review records,incorporate; multi; factor; authentication; remote; environment; administrative,"Maintain documented access controls, retain evidence of authorization, authentication, least privilege, and periodic review.",Secureframe-derived sanitized control export
AC-04,,Access Control,Parent Control,"An Access Control and Termination Policy governs authentication and access to applicable systems, data, and networks.","CC5.3, CC6.1, CC6.2, CC6.3",,"CC5.3, CC6.1, CC6.2, CC6.3",,Access control policy; Identity provider settings; User access export; MFA or authentication configuration; Access review records,termination; governs; authentication; networks,"Maintain documented access controls, retain evidence of authorization, authentication, least privilege, and periodic review.",Secureframe-derived sanitized control export
AC-04-9,AC-04,Access Control,Child / Implementation Control,Access Control Procedures is in place and acknowledged by relevant personnel on an annual basis.,,"CC5.3, CC6.1, CC6.2, CC6.3","CC5.3, CC6.1, CC6.2, CC6.3","CIS_IG1_6_6.1, CIS_IG1_6_6.2",Access control policy; Identity provider settings; User access export; MFA or authentication configuration; Access review records,procedures; place; acknowledged; relevant; annual; basis,"Maintain documented access controls, retain evidence of authorization, authentication, least privilege, and periodic review.",Secureframe-derived sanitized control export
AC-05,,Access Control,Parent Control,Non-console access to production infrastructure is restricted to users with a unique SSH key or access key,"CC6.1, CC6.3, CC8.1",,"CC6.1, CC6.3, CC8.1",,Access control policy; Identity provider settings; User access export; MFA or authentication configuration; Access review records,console; production; infrastructure; restricted; unique,"Maintain documented access controls, retain evidence of authorization, authentication, least privilege, and periodic review.",Secureframe-derived sanitized control export
AC-06-1-1,AC-06,Access Control,Child / Implementation Control,"The organization specifically prohibits and/or restricts the use of specified functions, ports, protocols, and/or services using least privilege.",,"CC6.2, PI1.5","CC6.2, PI1.5",CIS_IG1_4_4.6,Access control policy; Identity provider settings; User access export; MFA or authentication configuration; Access review records,specifically; prohibits; restricts; specified; functions; ports; protocols; services; least; privilege,"Maintain documented access controls, retain evidence of authorization, authentication, least privilege, and periodic review.",Secureframe-derived sanitized control export
AC-07,,Access Control,Parent Control,Users are provisioned access to systems based on principle of least privilege.,"CC6.2, CC6.3",,"CC6.2, CC6.3",,Access control policy; Identity provider settings; User access export; MFA or authentication configuration; Access review records,provisioned; principle; least; privilege,"Maintain documented access controls, retain evidence of authorization, authentication, least privilege, and periodic review.",Secureframe-derived sanitized control export
AC-08,,Access Control,Parent Control,"Upon termination or when internal personnel no longer require access, system access is removed, as applicable.","CC6.2, CC6.3",,"CC6.2, CC6.3",CIS_IG1_6_6.2,Access control policy; Identity provider settings; User access export; MFA or authentication configuration; Access review records,upon; termination; when; internal; longer; require; removed,"Maintain documented access controls, retain evidence of authorization, authentication, least privilege, and periodic review.",Secureframe-derived sanitized control export
AC-08-4,AC-08,Access Control,Child / Implementation Control,Remove/disable inactive user accounts within 90 days.,,"CC6.2, CC6.3","CC6.2, CC6.3",CIS_IG1_5_5.3,Access control policy; Identity provider settings; User access export; MFA or authentication configuration; Access review records,remove; disable; inactive; accounts; within; days,"Maintain documented access controls, retain evidence of authorization, authentication, least privilege, and periodic review.",Secureframe-derived sanitized control export
AC-08-7,AC-08,Access Control,Child / Implementation Control,Privileged access to systems and applications is disabled after 45 days of inactivity.,,"CC6.2, CC6.3","CC6.2, CC6.3",CIS_IG1_6_6.2,Access control policy; Identity provider settings; User access export; MFA or authentication configuration; Access review records,privileged; applications; disabled; after; days; inactivity,"Maintain documented access controls, retain evidence of authorization, authentication, least privilege, and periodic review.",Secureframe-derived sanitized control export
AC-09,,Access Control,Parent Control,"System owners conduct scheduled user access reviews of production servers, databases, and applications to validate internal user access is commensurate with job responsibilities.","CC6.2, CC6.3",,"CC6.2, CC6.3",CIS_IG1_5_5.1,Access control policy; Identity provider settings; User access export; MFA or authentication configuration; Access review records,owners; conduct; scheduled; reviews; production; servers; databases; applications; validate; internal; commensurate; responsibilities,"Maintain documented access controls, retain evidence of authorization, authentication, least privilege, and periodic review.",Secureframe-derived sanitized control export
AC-10-12,AC-10,Access Control,Child / Implementation Control,Database systems are encrypted at rest.,,"CC6.1, CC6.7, PI1.4, PI1.5","CC6.1, CC6.7, PI1.4, PI1.5",CIS_IG1_11_11.3,Access control policy; Identity provider settings; User access export; MFA or authentication configuration; Access review records,database; encrypted; rest,"Maintain documented access controls, retain evidence of authorization, authentication, least privilege, and periodic review.",Secureframe-derived sanitized control export
AM-14-1,AM-14,Asset Management,Child / Implementation Control,Auto-run is disabled.,,,,CIS_IG1_10_10.3,Asset inventory export; Software inventory report; Asset owner review evidence; Endpoint or cloud asset discovery report,auto; disabled,Maintain a complete asset inventory with assigned ownership and evidence of at least annual review.,Secureframe-derived sanitized control export
AVA-01,,Availability / Backup & Recovery,Parent Control,System tools monitors for uptime and availability based on predetermined criteria.,"A1.1, A1.2",,"A1.1, A1.2",,Backup configuration; Backup job history; Restore test evidence; BCDR plan or tabletop record; Availability monitoring report,tools; monitors; uptime; availability; predetermined; criteria,"Maintain backup, availability, and recovery evidence, including monitoring, retention, and periodic restore or tabletop testing.",Secureframe-derived sanitized control export
AVA-02-1,AVA-02,Availability / Backup & Recovery,Child / Implementation Control,Utilize availability zones for high availability.,,"A1.1, A1.2","A1.1, A1.2",CIS_IG1_11_11.4,Backup configuration; Backup job history; Restore test evidence; BCDR plan or tabletop record; Availability monitoring report,utilize; availability; zones; high,"Maintain backup, availability, and recovery evidence, including monitoring, retention, and periodic restore or tabletop testing.",Secureframe-derived sanitized control export
AVA-03-2,AVA-03,Availability / Backup & Recovery,Child / Implementation Control,System audit logs are retained.,,"A1.2, PI1.5","A1.2, PI1.5",CIS_IG1_8_8.3,Backup configuration; Backup job history; Restore test evidence; BCDR plan or tabletop record; Availability monitoring report,audit; logs; retained,"Maintain backup, availability, and recovery evidence, including monitoring, retention, and periodic restore or tabletop testing.",Secureframe-derived sanitized control export
AVA-04,,Availability / Backup & Recovery,Parent Control,Business Continuity and Disaster Recovery Policy governs required processes for restoring the service or supporting infrastructure after suffering a disaster or disruption.,"A1.3, C1.1, CC5.3, CC7.4, CC9.1",,"A1.3, C1.1, CC5.3, CC7.4, CC9.1",CIS_IG1_11_11.1,Backup configuration; Backup job history; Restore test evidence; BCDR plan or tabletop record; Availability monitoring report,business; continuity; disaster; recovery; governs; required; processes; restoring; service; supporting; infrastructure; after; suffering; disruption,"Maintain backup, availability, and recovery evidence, including monitoring, retention, and periodic restore or tabletop testing.",Secureframe-derived sanitized control export
AVA-05,,Availability / Backup & Recovery,Parent Control,Backed-up data is restored to a non-production environment at least annually to validate the integrity of backups.,"A1.3, CC7.5, PI1.5",,"A1.3, CC7.5, PI1.5",,Backup configuration; Backup job history; Restore test evidence; BCDR plan or tabletop record; Availability monitoring report,backed; restored; production; environment; least; annually; validate; integrity; backups,"Maintain backup, availability, and recovery evidence, including monitoring, retention, and periodic restore or tabletop testing.",Secureframe-derived sanitized control export
C-01,,Confidentiality / Data Handling,Parent Control,Procedures are in place to retain customer data based on agreed-upon customer requirements or in line with information security policies.,"C1.1, C1.2",,"C1.1, C1.2",,Data classification policy; Data retention policy; Data disposal/deletion procedure; Customer data handling evidence,procedures; place; retain; customer; agreed; upon; requirements; line; information; security; policies,"Document data handling, classification, retention, deletion, and access procedures, and retain evidence of operating effectiveness.",Secureframe-derived sanitized control export
C-04,,Confidentiality / Data Handling,Parent Control,A Data Classification Policy details the security and handling protocols for sensitive data.,"C1.1, C1.2, CC5.3, PI1.1",,"C1.1, C1.2, CC5.3, PI1.1",CIS_IG1_3_3.2,Data classification policy; Data retention policy; Data disposal/deletion procedure; Customer data handling evidence,classification; details; security; handling; protocols; sensitive,"Document data handling, classification, retention, deletion, and access procedures, and retain evidence of operating effectiveness.",Secureframe-derived sanitized control export
C-05,,Confidentiality / Data Handling,Parent Control,A Data Retention and Disposal Policy specifies how customer data is to be retained and disposed of based on compliance requirements and contractual obligations.,"C1.1, C1.2, CC5.3, CC6.5, P4.2",,"C1.1, C1.2, CC5.3, CC6.5, P4.2","CIS_IG1_3_3.1, CIS_IG1_3_3.4, CIS_IG1_3_3.5",Data classification policy; Data retention policy; Data disposal/deletion procedure; Customer data handling evidence,retention; disposal; specifies; customer; retained; disposed; compliance; requirements; contractual; obligations,"Document data handling, classification, retention, deletion, and access procedures, and retain evidence of operating effectiveness.",Secureframe-derived sanitized control export
CM-01-1,CM-01,Change & Configuration Management,Child / Implementation Control,"A version control system is utilized to manage code development for baseline configurations and codebases for production infrastructure, systems, and applications.",,"CC6.8, CC7.1, CC8.1, PI1.3","CC6.8, CC7.1, CC8.1, PI1.3",CIS_IG1_4_4.6,Change management policy; Pull request or change approval samples; Deployment/testing evidence; Configuration baseline evidence,version; utilized; manage; code; development; baseline; configurations; codebases; production; infrastructure; applications,"Document change and configuration controls, retain approval/testing evidence, and maintain segregation between development and production.",Secureframe-derived sanitized control export
CM-02,,Change & Configuration Management,Parent Control,Software changes are tested prior to being deployed into production.,"CC6.8, CC8.1, PI1.3",,"CC6.8, CC8.1, PI1.3",,Change management policy; Pull request or change approval samples; Deployment/testing evidence; Configuration baseline evidence,software; changes; tested; prior; being; deployed; production,"Document change and configuration controls, retain approval/testing evidence, and maintain segregation between development and production.",Secureframe-derived sanitized control export
CM-03,,Change & Configuration Management,Parent Control,System changes are approved by at least 1 independent person prior to deployment into production.,"CC6.8, CC8.1, PI1.3",,"CC6.8, CC8.1, PI1.3",,Change management policy; Pull request or change approval samples; Deployment/testing evidence; Configuration baseline evidence,changes; approved; least; independent; person; prior; deployment; production,"Document change and configuration controls, retain approval/testing evidence, and maintain segregation between development and production.",Secureframe-derived sanitized control export
CM-04,,Change & Configuration Management,Parent Control,"Development, staging, and production environments are segregated.",CC8.1,,CC8.1,CIS_IG1_4_4.1,Change management policy; Pull request or change approval samples; Deployment/testing evidence; Configuration baseline evidence,development; staging; production; environments; segregated,"Document change and configuration controls, retain approval/testing evidence, and maintain segregation between development and production.",Secureframe-derived sanitized control export
CM-06,,Change & Configuration Management,Parent Control,A Configuration and Asset Management Policy governs configurations for new sensitive systems.,"CC5.3, CC6.1, CC6.8, CC7.1, CC8.1, PI1.3",,"CC5.3, CC6.1, CC6.8, CC7.1, CC8.1, PI1.3","CIS_IG1_4_4.1, CIS_IG1_4_4.2",Change management policy; Pull request or change approval samples; Deployment/testing evidence; Configuration baseline evidence,configuration; asset; management; governs; configurations; sensitive,"Document change and configuration controls, retain approval/testing evidence, and maintain segregation between development and production.",Secureframe-derived sanitized control export
CM-08,,Change & Configuration Management,Parent Control,A Secure Development Policy defines the requirements for secure software and system development and maintenance.,"CC5.2, CC5.3, CC8.1, PI1.3",,"CC5.2, CC5.3, CC8.1, PI1.3",,Change management policy; Pull request or change approval samples; Deployment/testing evidence; Configuration baseline evidence,secure; development; defines; requirements; software; maintenance,"Document change and configuration controls, retain approval/testing evidence, and maintain segregation between development and production.",Secureframe-derived sanitized control export
CM-09,,Change & Configuration Management,Parent Control,"System components are hardened according to industry guidance, vendor documentation, and/or business needs. Default configurations are avoided according to the principles of least privilege and least functionality.",,,,CIS_IG1_4_4.1,Change management policy; Pull request or change approval samples; Deployment/testing evidence; Configuration baseline evidence,components; hardened; according; industry; guidance; vendor; documentation; business; needs; default; configurations; avoided; principles; least; privilege; functionality,"Document change and configuration controls, retain approval/testing evidence, and maintain segregation between development and production.",Secureframe-derived sanitized control export
CM-09-2,CM-09,Change & Configuration Management,Child / Implementation Control,Baseline configurations in infrastructure systems are established and maintained throughout the respective system development life cycles.,,,,CIS_IG1_4_4.1,Change management policy; Pull request or change approval samples; Deployment/testing evidence; Configuration baseline evidence,baseline; configurations; infrastructure; established; throughout; respective; development; life; cycles,"Document change and configuration controls, retain approval/testing evidence, and maintain segregation between development and production.",Secureframe-derived sanitized control export
COM-01,,Communications,Parent Control,Descriptions of the company's services and systems are available to both internal personnel and external users.,"CC2.2, CC2.3",,"CC2.2, CC2.3",,External communication procedure; Published policy or terms; Security commitment communication; Incident/customer communication template,descriptions; company; services; available; both; internal; external,"Maintain documented internal and external communication channels, published commitments, and evidence of communication procedures.",Secureframe-derived sanitized control export
COM-02,,Communications,Parent Control,Security commitments and expectations are communicated to both internal personnel and external users via the company's website.,CC2.3,,CC2.3,,External communication procedure; Published policy or terms; Security commitment communication; Incident/customer communication template,security; commitments; expectations; communicated; both; internal; external; company; website,"Maintain documented internal and external communication channels, published commitments, and evidence of communication procedures.",Secureframe-derived sanitized control export
COM-03,,Communications,Parent Control,Terms of Service or the equivalent are published or shared to external users.,"CC2.3, P1.1, PI1.1",,"CC2.3, P1.1, PI1.1",,External communication procedure; Published policy or terms; Security commitment communication; Incident/customer communication template,terms; service; equivalent; published; shared; external,"Maintain documented internal and external communication channels, published commitments, and evidence of communication procedures.",Secureframe-derived sanitized control export
COM-04,,Communications,Parent Control,"Critical information is communicated to external parties, as applicable.","CC2.3, CC7.4, CC7.5, P6.6",,"CC2.3, CC7.4, CC7.5, P6.6",,External communication procedure; Published policy or terms; Security commitment communication; Incident/customer communication template,critical; information; communicated; external; parties,"Maintain documented internal and external communication channels, published commitments, and evidence of communication procedures.",Secureframe-derived sanitized control export
COM-05,,Communications,Parent Control,A confidential reporting channel is made available to internal personnel and external parties to report security and other identified concerns.,"CC2.2, CC2.3",,"CC2.2, CC2.3",,External communication procedure; Published policy or terms; Security commitment communication; Incident/customer communication template,confidential; reporting; channel; made; available; internal; external; parties; report; security; other; identified; concerns,"Maintain documented internal and external communication channels, published commitments, and evidence of communication procedures.",Secureframe-derived sanitized control export
COM-06,,Communications,Parent Control,A Privacy Policy is established to external users describing the company's privacy commitments.,"CC2.3, CC5.3, P1.1, P2.1, P3.1, P4.1, P7.1",,"CC2.3, CC5.3, P1.1, P2.1, P3.1, P4.1, P7.1",,External communication procedure; Published policy or terms; Security commitment communication; Incident/customer communication template,privacy; established; external; describing; company; commitments,"Maintain documented internal and external communication channels, published commitments, and evidence of communication procedures.",Secureframe-derived sanitized control export
CT-2,,Custom / Technical Baseline,Parent Control,Firewalls for cloud infrastructure,,,,,Technical control configuration screenshot; Cloud service configuration export; Infrastructure-as-code evidence; Operational monitoring evidence,firewalls; cloud; infrastructure,"Document the technical baseline control, retain configuration evidence, and map it to applicable SOC 2 criteria during review.",Secureframe-derived sanitized control export
CT-3,,Custom / Technical Baseline,Parent Control,Daily automatic datastore backup,,,,,Technical control configuration screenshot; Cloud service configuration export; Infrastructure-as-code evidence; Operational monitoring evidence,daily; automatic; datastore; backup,"Document the technical baseline control, retain configuration evidence, and map it to applicable SOC 2 criteria during review.",Secureframe-derived sanitized control export
CT-4,,Custom / Technical Baseline,Parent Control,Autoscaling,,,,,Technical control configuration screenshot; Cloud service configuration export; Infrastructure-as-code evidence; Operational monitoring evidence,autoscaling,"Document the technical baseline control, retain configuration evidence, and map it to applicable SOC 2 criteria during review.",Secureframe-derived sanitized control export
IR-01,,Incident Response,Parent Control,"An Incident Response Plan outlines the process of identifying, prioritizing, communicating, assigning and tracking confirmed incidents through to resolution.","CC2.2, CC5.3, CC7.3, CC7.4, CC7.5, CC9.1",,"CC2.2, CC5.3, CC7.3, CC7.4, CC7.5, CC9.1","CIS_IG1_17_17.1, CIS_IG1_17_17.2, CIS_IG1_17_17.3",Incident response plan; Incident ticket or register; Lessons learned record; Tabletop exercise evidence; On-call/escalation schedule,incident; response; plan; outlines; process; identifying; prioritizing; communicating; assigning; tracking; confirmed; incidents; through; resolution,"Maintain incident response procedures, tracking evidence, communication records, and post-incident or tabletop lessons learned.",Secureframe-derived sanitized control export
IR-01-7,IR-01,Incident Response,Child / Implementation Control,Designate specific personnel to be available on a 24/7 basis to respond to alerts.,,"CC2.2, CC5.3, CC7.3, CC7.4, CC7.5, CC9.1","CC2.2, CC5.3, CC7.3, CC7.4, CC7.5, CC9.1",CIS_IG1_17_17.1,Incident response plan; Incident ticket or register; Lessons learned record; Tabletop exercise evidence; On-call/escalation schedule,designate; specific; available; basis; respond; alerts,"Maintain incident response procedures, tracking evidence, communication records, and post-incident or tabletop lessons learned.",Secureframe-derived sanitized control export
IR-02,,Incident Response,Parent Control,"Identified incidents are documented, tracked, and analyzed according to the Incident Response Plan.","CC7.3, CC7.4, CC7.5, P6.3, P6.4, P6.5, P6.6",,"CC7.3, CC7.4, CC7.5, P6.3, P6.4, P6.5, P6.6",,Incident response plan; Incident ticket or register; Lessons learned record; Tabletop exercise evidence; On-call/escalation schedule,identified; incidents; documented; tracked; analyzed; according; incident; response; plan,"Maintain incident response procedures, tracking evidence, communication records, and post-incident or tabletop lessons learned.",Secureframe-derived sanitized control export
IR-04,,Incident Response,Parent Control,"The Incident Response Plan is periodically tested via tabletop exercises or equivalents. When necessary, Management makes changes to the Incident Response Plan based on the test results.","CC7.4, CC7.5",,"CC7.4, CC7.5",,Incident response plan; Incident ticket or register; Lessons learned record; Tabletop exercise evidence; On-call/escalation schedule,incident; response; plan; periodically; tested; tabletop; exercises; equivalents; when; necessary; management; makes; changes; test; results,"Maintain incident response procedures, tracking evidence, communication records, and post-incident or tabletop lessons learned.",Secureframe-derived sanitized control export
IR-06,,Incident Response,Parent Control,Contacts with relevant law enforcement and regulatory bodies are documented.,,,,CIS_IG1_17_17.2,Incident response plan; Incident ticket or register; Lessons learned record; Tabletop exercise evidence; On-call/escalation schedule,contacts; relevant; enforcement; regulatory; bodies; documented,"Maintain incident response procedures, tracking evidence, communication records, and post-incident or tabletop lessons learned.",Secureframe-derived sanitized control export
IR-07,,Incident Response,Parent Control,Incident Response Training is conducted on an annual basis.,,,,CIS_IG1_14_14.6,Incident response plan; Incident ticket or register; Lessons learned record; Tabletop exercise evidence; On-call/escalation schedule,incident; response; training; conducted; annual; basis,"Maintain incident response procedures, tracking evidence, communication records, and post-incident or tabletop lessons learned.",Secureframe-derived sanitized control export
NET-01-3,NET-01,Network & Endpoint Security,Child / Implementation Control,Screen lock is configured and monitored for user endpoints.,,"C1.1, CC6.1, CC6.7, CC6.8","C1.1, CC6.1, CC6.7, CC6.8",CIS_IG1_4_4.3,Firewall or security group export; Endpoint configuration profile; Logging/monitoring dashboard; Network diagram; Alerting configuration,screen; lock; configured; monitored; endpoints,"Maintain network, endpoint, logging, and monitoring configuration evidence, including review and alerting records where applicable.",Secureframe-derived sanitized control export
NET-01-6,NET-01,Network & Endpoint Security,Child / Implementation Control,Deploy anti-virus software on all systems commonly affected by malicious software,,"C1.1, CC6.1, CC6.7, CC6.8","C1.1, CC6.1, CC6.7, CC6.8",CIS_IG1_10_10.1,Firewall or security group export; Endpoint configuration profile; Logging/monitoring dashboard; Network diagram; Alerting configuration,deploy; anti; virus; software; commonly; affected; malicious,"Maintain network, endpoint, logging, and monitoring configuration evidence, including review and alerting records where applicable.",Secureframe-derived sanitized control export
NET-02-1,NET-02,Network & Endpoint Security,Child / Implementation Control,"Network boundary protection has been implemented to monitor, control, and protect traffic at managed network interfaces.",,"CC6.6, CC7.1, CC7.2","CC6.6, CC7.1, CC7.2",CIS_IG1_4_4.4,Firewall or security group export; Endpoint configuration profile; Logging/monitoring dashboard; Network diagram; Alerting configuration,network; boundary; protection; been; implemented; monitor; protect; traffic; managed; interfaces,"Maintain network, endpoint, logging, and monitoring configuration evidence, including review and alerting records where applicable.",Secureframe-derived sanitized control export
NET-03,,Network & Endpoint Security,Parent Control,"Configurations ensure available networking ports, protocols, services, and environments are restricted as necessary, including firewalls.","CC6.1, CC6.6",,"CC6.1, CC6.6",,Firewall or security group export; Endpoint configuration profile; Logging/monitoring dashboard; Network diagram; Alerting configuration,configurations; ensure; available; networking; ports; protocols; services; environments; restricted; necessary; including; firewalls,"Maintain network, endpoint, logging, and monitoring configuration evidence, including review and alerting records where applicable.",Secureframe-derived sanitized control export
NET-03-18,NET-03,Network & Endpoint Security,Child / Implementation Control,The organization limits the number of external network connections to the information system.,,"CC6.1, CC6.6","CC6.1, CC6.6",CIS_IG1_4_4.4,Firewall or security group export; Endpoint configuration profile; Logging/monitoring dashboard; Network diagram; Alerting configuration,limits; number; external; network; connections; information,"Maintain network, endpoint, logging, and monitoring configuration evidence, including review and alerting records where applicable.",Secureframe-derived sanitized control export
NET-03-7-1,NET-03,Network & Endpoint Security,Child / Implementation Control,Restrict inbound and outbound traffic to only what is required.,,"CC6.1, CC6.6","CC6.1, CC6.6",CIS_IG1_4_4.4,Firewall or security group export; Endpoint configuration profile; Logging/monitoring dashboard; Network diagram; Alerting configuration,restrict; inbound; outbound; traffic; only; what; required,"Maintain network, endpoint, logging, and monitoring configuration evidence, including review and alerting records where applicable.",Secureframe-derived sanitized control export
NET-04,,Network & Endpoint Security,Parent Control,"Logging and monitoring software is used to collect data from infrastructure to detect potential security threats, unusual system activity, and monitor system performance, as applicable.","CC7.1, CC7.2, PI1.5",,"CC7.1, CC7.2, PI1.5",,Firewall or security group export; Endpoint configuration profile; Logging/monitoring dashboard; Network diagram; Alerting configuration,logging; monitoring; software; used; collect; infrastructure; detect; potential; security; threats; unusual; activity; monitor; performance,"Maintain network, endpoint, logging, and monitoring configuration evidence, including review and alerting records where applicable.",Secureframe-derived sanitized control export
NET-04-7,NET-04,Network & Endpoint Security,Child / Implementation Control,"System audit logs are tracked, monitored, and reviewed.",,"CC7.1, CC7.2, PI1.5","CC7.1, CC7.2, PI1.5","CIS_IG1_8_8.1, CIS_IG1_8_8.2",Firewall or security group export; Endpoint configuration profile; Logging/monitoring dashboard; Network diagram; Alerting configuration,audit; logs; tracked; monitored,"Maintain network, endpoint, logging, and monitoring configuration evidence, including review and alerting records where applicable.",Secureframe-derived sanitized control export
NET-05,,Network & Endpoint Security,Parent Control,Alerting software is used to notify impacted teams of potential security events.,"CC7.1, CC7.2",,"CC7.1, CC7.2",,Firewall or security group export; Endpoint configuration profile; Logging/monitoring dashboard; Network diagram; Alerting configuration,alerting; software; used; notify; impacted; teams; potential; security; events,"Maintain network, endpoint, logging, and monitoring configuration evidence, including review and alerting records where applicable.",Secureframe-derived sanitized control export
NET-06,,Network & Endpoint Security,Parent Control,A Network Security Policy identifies the requirements for protecting information and systems within and across networks.,"CC2.2, CC5.3, CC6.6, CC7.2",,"CC2.2, CC5.3, CC6.6, CC7.2",,Firewall or security group export; Endpoint configuration profile; Logging/monitoring dashboard; Network diagram; Alerting configuration,network; security; identifies; requirements; protecting; information; within; across; networks,"Maintain network, endpoint, logging, and monitoring configuration evidence, including review and alerting records where applicable.",Secureframe-derived sanitized control export
NET-11,,Network & Endpoint Security,Parent Control,An infrastructure architecture and network diagram is maintained.,"CC2.2, CC2.3",,"CC2.2, CC2.3",,Firewall or security group export; Endpoint configuration profile; Logging/monitoring dashboard; Network diagram; Alerting configuration,infrastructure; architecture; network; diagram,"Maintain network, endpoint, logging, and monitoring configuration evidence, including review and alerting records where applicable.",Secureframe-derived sanitized control export
NET-13,,Network & Endpoint Security,Parent Control,Enable firewalls between all wireless networks and the internal environment.,,,,CIS_IG1_4_4.4,Firewall or security group export; Endpoint configuration profile; Logging/monitoring dashboard; Network diagram; Alerting configuration,enable; firewalls; between; wireless; networks; internal; environment,"Maintain network, endpoint, logging, and monitoring configuration evidence, including review and alerting records where applicable.",Secureframe-derived sanitized control export
NET-16-10,NET-16,Network & Endpoint Security,Child / Implementation Control,Remove all vendor defaults from systems and applications prior to installation.,,,,CIS_IG1_4_4.7,Firewall or security group export; Endpoint configuration profile; Logging/monitoring dashboard; Network diagram; Alerting configuration,remove; vendor; defaults; applications; prior; installation,"Maintain network, endpoint, logging, and monitoring configuration evidence, including review and alerting records where applicable.",Secureframe-derived sanitized control export
NET-22,,Network & Endpoint Security,Parent Control,Spam protection mechanisms are implemented and updated accordingly to protect system entry and exit points.,,,,CIS_IG1_9_9.2,Firewall or security group export; Endpoint configuration profile; Logging/monitoring dashboard; Network diagram; Alerting configuration,spam; protection; mechanisms; implemented; updated; accordingly; protect; entry; exit; points,"Maintain network, endpoint, logging, and monitoring configuration evidence, including review and alerting records where applicable.",Secureframe-derived sanitized control export
NET-25,,Network & Endpoint Security,Parent Control,Secure domain management is configured and maintained.,,,,CIS_IG1_9_9.2,Firewall or security group export; Endpoint configuration profile; Logging/monitoring dashboard; Network diagram; Alerting configuration,secure; domain; management; configured,"Maintain network, endpoint, logging, and monitoring configuration evidence, including review and alerting records where applicable.",Secureframe-derived sanitized control export
ORG-01,,Governance / Organization,Parent Control,"A Code of Conduct outlines ethical expectations, behavior standards, and ramifications of noncompliance.","CC1.1, CC1.4",,"CC1.1, CC1.4",,Policy document; Policy acknowledgement report; Training completion report; Org chart; Management review evidence,code; conduct; outlines; ethical; expectations; behavior; standards; ramifications; noncompliance,"Maintain governance documentation, policy review/acknowledgement records, training evidence, and management oversight evidence.",Secureframe-derived sanitized control export
ORG-02,,Governance / Organization,Parent Control,"The board of directors or equivalent entity function includes senior management and external advisors, who are independent from the company's operations. An information security team has also been established to govern cybersecurity.","CC1.2, CC1.3",,"CC1.2, CC1.3",,Policy document; Policy acknowledgement report; Training completion report; Org chart; Management review evidence,board; directors; equivalent; entity; function; includes; senior; management; external; advisors; independent; company; operations; information; security; team; also; been,"Maintain governance documentation, policy review/acknowledgement records, training evidence, and management oversight evidence.",Secureframe-derived sanitized control export
ORG-03,,Governance / Organization,Parent Control,"Senior management and/or board of directors meets at least quarterly to review business goals, company initiatives, resource needs, risk management activities, and other internal/external matters. The information security team meets at least quarterly to discuss security risks, roles & responsibilities, controls, changes, audit results and/or other matters as necessary.","CC1.2, CC1.3, CC1.5, CC2.2, CC2.3, CC3.1, CC4.2",,"CC1.2, CC1.3, CC1.5, CC2.2, CC2.3, CC3.1, CC4.2",,Policy document; Policy acknowledgement report; Training completion report; Org chart; Management review evidence,senior; management; board; directors; meets; least; quarterly; business; goals; company; initiatives; resource; needs; risk; activities; other; internal; external,"Maintain governance documentation, policy review/acknowledgement records, training evidence, and management oversight evidence.",Secureframe-derived sanitized control export
ORG-05,,Governance / Organization,Parent Control,A continuous monitoring solution monitors internal controls used in the achievement of service commitments and system requirements.,"CC1.5, CC2.1, CC4.1, CC4.2, CC5.2, CC5.3",,"CC1.5, CC2.1, CC4.1, CC4.2, CC5.2, CC5.3",,Policy document; Policy acknowledgement report; Training completion report; Org chart; Management review evidence,continuous; monitoring; solution; monitors; internal; used; achievement; service; commitments; requirements,"Maintain governance documentation, policy review/acknowledgement records, training evidence, and management oversight evidence.",Secureframe-derived sanitized control export
ORG-08,,Governance / Organization,Parent Control,"Hiring managers screen new hires or internal transfers to assess their qualifications, experience, and competency to fulfill their responsibilities. New hires sign confidentiality agreements or equivalents upon hire.",CC1.4,,CC1.4,,Policy document; Policy acknowledgement report; Training completion report; Org chart; Management review evidence,hiring; managers; screen; hires; internal; transfers; assess; their; qualifications; experience; competency; fulfill; responsibilities; sign; confidentiality; agreements; equivalents; upon,"Maintain governance documentation, policy review/acknowledgement records, training evidence, and management oversight evidence.",Secureframe-derived sanitized control export
ORG-09,,Governance / Organization,Parent Control,Internal personnel complete annual training programs for information security to help them understand their obligations and responsibilities related to security.,"CC1.4, CC2.2",,"CC1.4, CC2.2","CIS_IG1_14_14.1, CIS_IG1_14_14.2, CIS_IG1_14_14.3, CIS_IG1_14_14.4, CIS_IG1_14_14.5, CIS_IG1_14_14.7, CIS_IG1_14_14.8",Policy document; Policy acknowledgement report; Training completion report; Org chart; Management review evidence,internal; complete; annual; training; programs; information; security; help; them; understand; their; obligations; responsibilities; related,"Maintain governance documentation, policy review/acknowledgement records, training evidence, and management oversight evidence.",Secureframe-derived sanitized control export
ORG-10,,Governance / Organization,Parent Control,"An Acceptable Use Policy defines standards for appropriate and secure use of company hardware and electronic systems including storage media, communication tools and internet access.","CC5.3, CC6.7, CC6.8",,"CC5.3, CC6.7, CC6.8",,Policy document; Policy acknowledgement report; Training completion report; Org chart; Management review evidence,acceptable; defines; standards; appropriate; secure; company; hardware; electronic; including; storage; media; communication; tools; internet,"Maintain governance documentation, policy review/acknowledgement records, training evidence, and management oversight evidence.",Secureframe-derived sanitized control export
ORG-11,,Governance / Organization,Parent Control,Personnel who violate information security policies are subject to disciplinary action and such disciplinary action is clearly documented in one or more policies.,"CC1.1, CC1.5, CC5.3, CC7.4",,"CC1.1, CC1.5, CC5.3, CC7.4",,Policy document; Policy acknowledgement report; Training completion report; Org chart; Management review evidence,violate; information; security; policies; subject; disciplinary; action; such; clearly; documented; more,"Maintain governance documentation, policy review/acknowledgement records, training evidence, and management oversight evidence.",Secureframe-derived sanitized control export
ORG-12,,Governance / Organization,Parent Control,"An Information Security Policy establishes the security requirements for maintaining the security, confidentiality, integrity, and availability of applications, systems, infrastructure, and data.","CC1.4, CC2.1, CC5.3",,"CC1.4, CC2.1, CC5.3",,Policy document; Policy acknowledgement report; Training completion report; Org chart; Management review evidence,information; security; establishes; requirements; maintaining; confidentiality; integrity; availability; applications; infrastructure,"Maintain governance documentation, policy review/acknowledgement records, training evidence, and management oversight evidence.",Secureframe-derived sanitized control export
ORG-13,,Governance / Organization,Parent Control,Cybersecurity insurance has been procured to help minimize the financial impact of cybersecurity loss events.,CC9.1,,CC9.1,,Policy document; Policy acknowledgement report; Training completion report; Org chart; Management review evidence,cybersecurity; insurance; been; procured; help; minimize; financial; impact; loss; events,"Maintain governance documentation, policy review/acknowledgement records, training evidence, and management oversight evidence.",Secureframe-derived sanitized control export
ORG-15,,Governance / Organization,Parent Control,A Performance Review Policy provides personnel context and transparency into their performance and career development processes.,"CC1.4, CC1.5, CC5.3",,"CC1.4, CC1.5, CC5.3",,Policy document; Policy acknowledgement report; Training completion report; Org chart; Management review evidence,performance; provides; context; transparency; their; career; development; processes,"Maintain governance documentation, policy review/acknowledgement records, training evidence, and management oversight evidence.",Secureframe-derived sanitized control export
ORG-16,,Governance / Organization,Parent Control,"Management is responsible for the design, implementation, and management of the organization’s security policies and procedures. The policies and procedures are reviewed by management at least annually.",CC5.3,,CC5.3,"CIS_IG1_11_11.1, CIS_IG1_17_17.3, CIS_IG1_4_4.1, CIS_IG1_8_8.1",Policy document; Policy acknowledgement report; Training completion report; Org chart; Management review evidence,management; responsible; design; implementation; security; policies; procedures; least; annually,"Maintain governance documentation, policy review/acknowledgement records, training evidence, and management oversight evidence.",Secureframe-derived sanitized control export
ORG-58,,Governance / Organization,Parent Control,"A SOC 2 system description provides an overview of an organization's control environment, including its background, services, IT infrastructure, people, processes, technologies, and controls.",CC2.2,,CC2.2,,Policy document; Policy acknowledgement report; Training completion report; Org chart; Management review evidence,description; provides; overview; environment; including; background; services; infrastructure; people; processes; technologies,"Maintain governance documentation, policy review/acknowledgement records, training evidence, and management oversight evidence.",Secureframe-derived sanitized control export
PHYS-01,,Physical Security,Parent Control,A Physical Security Policy that details physical security requirements for the company facilities is in place.,"CC5.3, CC6.4, CC6.5",,"CC5.3, CC6.4, CC6.5",,Physical security policy; Visitor log sample; Physical access review; Facility access control evidence,physical; security; that; details; requirements; company; facilities; place,"Maintain physical security procedures and evidence of visitor controls, access provisioning, review, and facility safeguards.",Secureframe-derived sanitized control export
PHYS-02,,Physical Security,Parent Control,"Production facilities require all visitors to formally sign-in, unless preauthorization for the visitor exists.",CC6.4,,CC6.4,,Physical security policy; Visitor log sample; Physical access review; Facility access control evidence,production; facilities; require; visitors; formally; sign; unless; preauthorization; visitor; exists,"Maintain physical security procedures and evidence of visitor controls, access provisioning, review, and facility safeguards.",Secureframe-derived sanitized control export
PHYS-03,,Physical Security,Parent Control,"Processes are in place to create, modify or remove physical access to facilities such as data centers, office spaces, and work areas based on the needs of such individual.",CC6.4,,CC6.4,,Physical security policy; Visitor log sample; Physical access review; Facility access control evidence,processes; place; create; modify; remove; physical; facilities; such; centers; office; spaces; work; areas; needs; individual,"Maintain physical security procedures and evidence of visitor controls, access provisioning, review, and facility safeguards.",Secureframe-derived sanitized control export
PHYS-04,,Physical Security,Parent Control,Processes are in place to periodically review physical access to ensure consistency with job responsibilities.,CC6.4,,CC6.4,,Physical security policy; Visitor log sample; Physical access review; Facility access control evidence,processes; place; periodically; physical; ensure; consistency; responsibilities,"Maintain physical security procedures and evidence of visitor controls, access provisioning, review, and facility safeguards.",Secureframe-derived sanitized control export
PHYS-05,,Physical Security,Parent Control,"Physical protections are in place to safeguard facilities, infrastructure, systems, and data from external and internal threats.",A1.2,,A1.2,,Physical security policy; Visitor log sample; Physical access review; Facility access control evidence,physical; protections; place; safeguard; facilities; infrastructure; external; internal; threats,"Maintain physical security procedures and evidence of visitor controls, access provisioning, review, and facility safeguards.",Secureframe-derived sanitized control export
RA-01,,Risk & Vendor Management,Parent Control,"A Risk Assessment and Treatment Policy governs the process for conducting risk assessments to account for threats, vulnerabilities, likelihood, and impact with respect to assets, team members, customers, vendors, suppliers, and partners. Risk tolerance and strategies are also defined in the policy.","CC3.1, CC3.2, CC5.3, CC9.1",,"CC3.1, CC3.2, CC5.3, CC9.1",,Risk assessment; Risk register; Vendor inventory; Vendor due diligence records; Vendor SOC 2 review,risk; assessment; treatment; governs; process; conducting; assessments; account; threats; vulnerabilities; likelihood; impact; respect; assets; team; members; customers; vendors,"Maintain risk assessment, vendor risk, risk register, and mitigation evidence with management review and periodic reassessment.",Secureframe-derived sanitized control export
RA-02,,Risk & Vendor Management,Parent Control,"Formal risk assessments are performed, which includes the identification of relevant internal and external threats related to security, availability, confidentiality, and fraud, and an analysis of risks associated with those threats.","A1.2, CC2.1, CC3.1, CC3.2, CC3.3, CC3.4, CC5.1, CC9.1",,"A1.2, CC2.1, CC3.1, CC3.2, CC3.3, CC3.4, CC5.1, CC9.1",,Risk assessment; Risk register; Vendor inventory; Vendor due diligence records; Vendor SOC 2 review,formal; risk; assessments; performed; which; includes; identification; relevant; internal; external; threats; related; security; availability; confidentiality; fraud; analysis; risks,"Maintain risk assessment, vendor risk, risk register, and mitigation evidence with management review and periodic reassessment.",Secureframe-derived sanitized control export
RA-03,,Risk & Vendor Management,Parent Control,"A risk register is maintained, which records the risk mitigation strategies for identified risks, and the development or modification of controls consistent with the risk mitigation strategy.","CC3.2, CC9.1",,"CC3.2, CC9.1",,Risk assessment; Risk register; Vendor inventory; Vendor due diligence records; Vendor SOC 2 review,risk; register; which; records; mitigation; strategies; identified; risks; development; modification; consistent; strategy,"Maintain risk assessment, vendor risk, risk register, and mitigation evidence with management review and periodic reassessment.",Secureframe-derived sanitized control export
RA-05,,Risk & Vendor Management,Parent Control,Vendor SOC 2 reports (or equivalent) are collected and reviewed on at least an annual basis.,"A1.2, CC1.3, CC1.4, CC6.4, CC6.5, CC9.2, P6.4",,"A1.2, CC1.3, CC1.4, CC6.4, CC6.5, CC9.2, P6.4",,Risk assessment; Risk register; Vendor inventory; Vendor due diligence records; Vendor SOC 2 review,vendor; reports; equivalent; collected; least; annual; basis,"Maintain risk assessment, vendor risk, risk register, and mitigation evidence with management review and periodic reassessment.",Secureframe-derived sanitized control export
RA-05-1,RA-05,Risk & Vendor Management,Child / Implementation Control,Vendor risk levels are assessed and vendor security due diligence is performed at least annually.,,"A1.2, CC1.3, CC1.4, CC6.4, CC6.5, CC9.2, P6.4","A1.2, CC1.3, CC1.4, CC6.4, CC6.5, CC9.2, P6.4",CIS_IG1_15_15.1,Risk assessment; Risk register; Vendor inventory; Vendor due diligence records; Vendor SOC 2 review,vendor; risk; levels; assessed; security; diligence; performed; least; annually,"Maintain risk assessment, vendor risk, risk register, and mitigation evidence with management review and periodic reassessment.",Secureframe-derived sanitized control export
RA-06,,Risk & Vendor Management,Parent Control,New vendors are assessed in accordance with the Vendor Risk Management Policy prior to engaging with the vendor. Reassessment occurs at least annually.,"CC1.3, CC2.3, CC3.2, CC3.4",,"CC1.3, CC2.3, CC3.2, CC3.4",,Risk assessment; Risk register; Vendor inventory; Vendor due diligence records; Vendor SOC 2 review,vendors; assessed; accordance; vendor; risk; management; prior; engaging; reassessment; occurs; least; annually,"Maintain risk assessment, vendor risk, risk register, and mitigation evidence with management review and periodic reassessment.",Secureframe-derived sanitized control export
RA-09,,Risk & Vendor Management,Parent Control,The organization replaces and/or patches system components when support for the components is no longer available from the developer vendor or manufacturer.,,,,CIS_IG1_2_2.2,Risk assessment; Risk register; Vendor inventory; Vendor due diligence records; Vendor SOC 2 review,replaces; patches; components; when; support; longer; available; developer; vendor; manufacturer,"Maintain risk assessment, vendor risk, risk register, and mitigation evidence with management review and periodic reassessment.",Secureframe-derived sanitized control export
RA-11,,Risk & Vendor Management,Parent Control,Connections between organization systems and components are approved documented and reviewed.,,,,CIS_IG1_4_4.4,Risk assessment; Risk register; Vendor inventory; Vendor due diligence records; Vendor SOC 2 review,connections; between; components; approved; documented,"Maintain risk assessment, vendor risk, risk register, and mitigation evidence with management review and periodic reassessment.",Secureframe-derived sanitized control export
VM-01,,Vulnerability Management,Parent Control,A Vulnerability Management and Patch Management Policy outlines the processes to efficiently respond to identified vulnerabilities.,"CC5.3, CC7.1",,"CC5.3, CC7.1",CIS_IG1_7_7.1,Vulnerability scan report; Patch management report; Remediation tracker; Penetration test report; Exception register,vulnerability; management; patch; outlines; processes; efficiently; respond; identified; vulnerabilities,"Maintain vulnerability scanning, remediation, patching, and penetration testing evidence with tracking through resolution.",Secureframe-derived sanitized control export
VM-02,,Vulnerability Management,Parent Control,"Vulnerability scanning is performed on production infrastructure systems, and identified deficiencies are remediated on a timely basis.","CC2.1, CC3.2, CC4.1, CC4.2, CC7.1",,"CC2.1, CC3.2, CC4.1, CC4.2, CC7.1",,Vulnerability scan report; Patch management report; Remediation tracker; Penetration test report; Exception register,vulnerability; scanning; performed; production; infrastructure; identified; deficiencies; remediated; timely; basis,"Maintain vulnerability scanning, remediation, patching, and penetration testing evidence with tracking through resolution.",Secureframe-derived sanitized control export
VM-02-1,VM-02,Vulnerability Management,Child / Implementation Control,Vulnerability scans are performed on internal and external system components and applications.,,"CC2.1, CC3.2, CC4.1, CC4.2, CC7.1","CC2.1, CC3.2, CC4.1, CC4.2, CC7.1",CIS_IG1_7_7.1,Vulnerability scan report; Patch management report; Remediation tracker; Penetration test report; Exception register,vulnerability; scans; performed; internal; external; components; applications,"Maintain vulnerability scanning, remediation, patching, and penetration testing evidence with tracking through resolution.",Secureframe-derived sanitized control export
VM-02-13,VM-02,Vulnerability Management,Child / Implementation Control,"Perform internal and external scans, and rescans as needed, after any significant change",,"CC2.1, CC3.2, CC4.1, CC4.2, CC7.1","CC2.1, CC3.2, CC4.1, CC4.2, CC7.1",CIS_IG1_7_7.1,Vulnerability scan report; Patch management report; Remediation tracker; Penetration test report; Exception register,perform; internal; external; scans; rescans; needed; after; significant; change,"Maintain vulnerability scanning, remediation, patching, and penetration testing evidence with tracking through resolution.",Secureframe-derived sanitized control export
VM-03,,Vulnerability Management,Parent Control,A 3rd party is engaged to conduct a network and application penetration test of the production environment at least annually. Critical and high-risk findings are tracked through resolution.,"CC2.1, CC4.1, CC4.2, CC7.1",,"CC2.1, CC4.1, CC4.2, CC7.1",,Vulnerability scan report; Patch management report; Remediation tracker; Penetration test report; Exception register,party; engaged; conduct; network; application; penetration; test; production; environment; least; annually; critical; high; risk; findings; tracked; through; resolution,"Maintain vulnerability scanning, remediation, patching, and penetration testing evidence with tracking through resolution.",Secureframe-derived sanitized control export
VM-04,,Vulnerability Management,Parent Control,Infrastructure and endpoint vulnerabilities are tracked and remediated through patching and security updates.,,,,CIS_IG1_7_7.3,Vulnerability scan report; Patch management report; Remediation tracker; Penetration test report; Exception register,infrastructure; endpoint; vulnerabilities; tracked; remediated; through; patching; security; updates,"Maintain vulnerability scanning, remediation, patching, and penetration testing evidence with tracking through resolution.",Secureframe-derived sanitized control export
VM-04-1,VM-04,Vulnerability Management,Child / Implementation Control,"Infrastructure systems and applications are regularly patched and updated, while maintaining compliance with authorized baseline configurations.",,,,CIS_IG1_12_12.1,Vulnerability scan report; Patch management report; Remediation tracker; Penetration test report; Exception register,infrastructure; applications; regularly; patched; updated; while; maintaining; compliance; authorized; baseline; configurations,"Maintain vulnerability scanning, remediation, patching, and penetration testing evidence with tracking through resolution.",Secureframe-derived sanitized control export
VM-04-2,VM-04,Vulnerability Management,Child / Implementation Control,Software and firmware updates and patches are installed to applicable system components.,,,,CIS_IG1_7_7.4,Vulnerability scan report; Patch management report; Remediation tracker; Penetration test report; Exception register,software; firmware; updates; patches; installed; components,"Maintain vulnerability scanning, remediation, patching, and penetration testing evidence with tracking through resolution.",Secureframe-derived sanitized control export
VM-05,,Vulnerability Management,Parent Control,"Vulnerabilities are identified, reported, and remediated or patched within the organization-defined time period.",,,,CIS_IG1_7_7.2,Vulnerability scan report; Patch management report; Remediation tracker; Penetration test report; Exception register,vulnerabilities; identified; reported; remediated; patched; within; defined; time; period,"Maintain vulnerability scanning, remediation, patching, and penetration testing evidence with tracking through resolution.",Secureframe-derived sanitized control export
AC-01-13,AC-01,Access Control,Child / Implementation Control,An inventory of system assets and components is reviewed and updated annually by identified owners.,,CC6.1,CC6.1,CIS_IG1_1_1.1,Access control policy; Identity provider settings; User access export; MFA or authentication configuration; Access review records,inventory; assets; components; updated; annually; identified; owners,"Maintain documented access controls, retain evidence of authorization, authentication, least privilege, and periodic review.",Secureframe-derived sanitized control export
AC-01-14,AC-01,Access Control,Child / Implementation Control,Set appropriate lockout durations.,,CC6.1,CC6.1,CIS_IG1_4_4.3,Access control policy; Identity provider settings; User access export; MFA or authentication configuration; Access review records,appropriate; lockout; durations,"Maintain documented access controls, retain evidence of authorization, authentication, least privilege, and periodic review.",Secureframe-derived sanitized control export
AC-03-16,AC-03,Access Control,Child / Implementation Control,Multi-factor authentication is implemented for human resource systems.,,"CC6.1, CC6.6","CC6.1, CC6.6",CIS_IG1_6_6.3,Access control policy; Identity provider settings; User access export; MFA or authentication configuration; Access review records,multi; factor; authentication; implemented; human; resource,"Maintain documented access controls, retain evidence of authorization, authentication, least privilege, and periodic review.",Secureframe-derived sanitized control export
AC-04-2,AC-04,Access Control,Child / Implementation Control,"A policy is maintained to govern authentication and access to applicable systems, data, and networks.",,"CC5.3, CC6.1, CC6.2, CC6.3","CC5.3, CC6.1, CC6.2, CC6.3","CIS_IG1_6_6.1, CIS_IG1_6_6.2",Access control policy; Identity provider settings; User access export; MFA or authentication configuration; Access review records,govern; authentication; networks,"Maintain documented access controls, retain evidence of authorization, authentication, least privilege, and periodic review.",Secureframe-derived sanitized control export
AC-06,,Access Control,Parent Control,Administrative access to production infrastructure is restricted based on the principle of least privilege.,"CC6.2, PI1.5",,"CC6.2, PI1.5",,Access control policy; Identity provider settings; User access export; MFA or authentication configuration; Access review records,administrative; production; infrastructure; restricted; principle; least; privilege,"Maintain documented access controls, retain evidence of authorization, authentication, least privilege, and periodic review.",Secureframe-derived sanitized control export
AC-07-15,AC-07,Access Control,Child / Implementation Control,Restrict and manage IAM administrators in the account.,,"CC6.2, CC6.3","CC6.2, CC6.3",CIS_IG1_5_5.4,Access control policy; Identity provider settings; User access export; MFA or authentication configuration; Access review records,restrict; manage; administrators; account,"Maintain documented access controls, retain evidence of authorization, authentication, least privilege, and periodic review.",Secureframe-derived sanitized control export
AC-07-9,AC-07,Access Control,Child / Implementation Control,"Restrict access and permissions across various cloud platforms by implementing least-privileged access policies, limiting public access to resources, and using minimally privileged service accounts.",,"CC6.2, CC6.3","CC6.2, CC6.3",CIS_IG1_3_3.3,Access control policy; Identity provider settings; User access export; MFA or authentication configuration; Access review records,restrict; permissions; across; various; cloud; platforms; implementing; least; privileged; policies; limiting; public; resources; minimally; service; accounts,"Maintain documented access controls, retain evidence of authorization, authentication, least privilege, and periodic review.",Secureframe-derived sanitized control export
AC-10,,Access Control,Parent Control,Service data is encrypted-at-rest.,"CC6.1, CC6.7, PI1.4, PI1.5",,"CC6.1, CC6.7, PI1.4, PI1.5",,Access control policy; Identity provider settings; User access export; MFA or authentication configuration; Access review records,service; encrypted; rest,"Maintain documented access controls, retain evidence of authorization, authentication, least privilege, and periodic review.",Secureframe-derived sanitized control export
AC-11,,Access Control,Parent Control,Service data transmitted over the internet is encrypted-in-transit.,"CC6.6, CC6.7, PI1.4, PI1.5",,"CC6.6, CC6.7, PI1.4, PI1.5",,Access control policy; Identity provider settings; User access export; MFA or authentication configuration; Access review records,service; transmitted; over; internet; encrypted; transit,"Maintain documented access controls, retain evidence of authorization, authentication, least privilege, and periodic review.",Secureframe-derived sanitized control export
AC-12,,Access Control,Parent Control,"An Encryption and Key Management Policy supports the secure encryption and decryption of app secrets, and governs the use of cryptographic controls.","CC5.3, CC6.1, CC6.6",,"CC5.3, CC6.1, CC6.6",,Access control policy; Identity provider settings; User access export; MFA or authentication configuration; Access review records,encryption; management; supports; secure; decryption; secrets; governs; cryptographic,"Maintain documented access controls, retain evidence of authorization, authentication, least privilege, and periodic review.",Secureframe-derived sanitized control export
AM-02,,Asset Management,Parent Control,"Inventory of production cloud infrastructure assets, version control repositories, and physical assets are maintained.",,,,CIS_IG1_1_1.1,Asset inventory export; Software inventory report; Asset owner review evidence; Endpoint or cloud asset discovery report,inventory; production; cloud; infrastructure; assets; version; repositories; physical,Maintain a complete asset inventory with assigned ownership and evidence of at least annual review.,Secureframe-derived sanitized control export
AM-14,,Asset Management,Parent Control,End users are restricted from installing unauthorized software.,,,,"CIS_IG1_2_2.3, CIS_IG1_9_9.1",Asset inventory export; Software inventory report; Asset owner review evidence; Endpoint or cloud asset discovery report,restricted; installing; unauthorized; software,Maintain a complete asset inventory with assigned ownership and evidence of at least annual review.,Secureframe-derived sanitized control export
AVA-02,,Availability / Backup & Recovery,Parent Control,"The system is configured for high availability to support continuous availability, when applicable.","A1.1, A1.2",,"A1.1, A1.2",,Backup configuration; Backup job history; Restore test evidence; BCDR plan or tabletop record; Availability monitoring report,configured; high; availability; support; continuous; when,"Maintain backup, availability, and recovery evidence, including monitoring, retention, and periodic restore or tabletop testing.",Secureframe-derived sanitized control export
AVA-03,,Availability / Backup & Recovery,Parent Control,Full backups are performed and retained in accordance with the Business Continuity and Disaster Recovery Policy.,"A1.2, PI1.5",,"A1.2, PI1.5",,Backup configuration; Backup job history; Restore test evidence; BCDR plan or tabletop record; Availability monitoring report,full; backups; performed; retained; accordance; business; continuity; disaster; recovery,"Maintain backup, availability, and recovery evidence, including monitoring, retention, and periodic restore or tabletop testing.",Secureframe-derived sanitized control export
AVA-03-6,AVA-03,Availability / Backup & Recovery,Child / Implementation Control,"Configure automated backups and restore points for various databases, ensuring data security and limited access.",,"A1.2, PI1.5","A1.2, PI1.5",CIS_IG1_11_11.2,Backup configuration; Backup job history; Restore test evidence; BCDR plan or tabletop record; Availability monitoring report,configure; automated; backups; restore; points; various; databases; ensuring; security; limited,"Maintain backup, availability, and recovery evidence, including monitoring, retention, and periodic restore or tabletop testing.",Secureframe-derived sanitized control export
AVA-03-7,AVA-03,Availability / Backup & Recovery,Child / Implementation Control,"Data and relevant information is backed up and retained in accordance with applicable laws, guidelines, regulations, and requirements.",,"A1.2, PI1.5","A1.2, PI1.5",CIS_IG1_3_3.4,Backup configuration; Backup job history; Restore test evidence; BCDR plan or tabletop record; Availability monitoring report,relevant; information; backed; retained; accordance; laws; guidelines; regulations; requirements,"Maintain backup, availability, and recovery evidence, including monitoring, retention, and periodic restore or tabletop testing.",Secureframe-derived sanitized control export
AVA-06,,Availability / Backup & Recovery,Parent Control,"The Business Continuity and Disaster Recovery Plan is periodically tested via tabletop exercises or equivalents. When necessary, Management makes changes to the Business Continuity and Disaster Recovery Plan based on the test results.","A1.3, CC7.5, PI1.5",,"A1.3, CC7.5, PI1.5",,Backup configuration; Backup job history; Restore test evidence; BCDR plan or tabletop record; Availability monitoring report,business; continuity; disaster; recovery; plan; periodically; tested; tabletop; exercises; equivalents; when; necessary; management; makes; changes; test; results,"Maintain backup, availability, and recovery evidence, including monitoring, retention, and periodic restore or tabletop testing.",Secureframe-derived sanitized control export
C-02,,Confidentiality / Data Handling,Parent Control,"Access to, erasure of, or destruction of customer data is restricted to personnel that need access based on the principle of least privilege.",C1.1,,C1.1,,Data classification policy; Data retention policy; Data disposal/deletion procedure; Customer data handling evidence,erasure; destruction; customer; restricted; that; need; principle; least; privilege,"Document data handling, classification, retention, deletion, and access procedures, and retain evidence of operating effectiveness.",Secureframe-derived sanitized control export
C-03,,Confidentiality / Data Handling,Parent Control,"Upon customer request, The organization requires that data that is no longer needed from databases and other file stores is removed in accordance with agreed-upon customer requirements.",C1.2,,C1.2,,Data classification policy; Data retention policy; Data disposal/deletion procedure; Customer data handling evidence,upon; customer; request; requires; that; longer; needed; databases; other; file; stores; removed; accordance; agreed; requirements,"Document data handling, classification, retention, deletion, and access procedures, and retain evidence of operating effectiveness.",Secureframe-derived sanitized control export
C-03-2,C-03,Confidentiality / Data Handling,Child / Implementation Control,"Maintain a sensitive data deletion process including limiting storage amount and retention time, maintaining retention requirements, creating secure deletion processes, and establishing a quarterly review process.",,C1.2,C1.2,"CIS_IG1_3_3.1, CIS_IG1_3_3.4, CIS_IG1_3_3.5",Data classification policy; Data retention policy; Data disposal/deletion procedure; Customer data handling evidence,maintain; sensitive; deletion; process; including; limiting; storage; amount; retention; time; maintaining; requirements; creating; secure; processes; establishing; quarterly,"Document data handling, classification, retention, deletion, and access procedures, and retain evidence of operating effectiveness.",Secureframe-derived sanitized control export
CM-01,,Change & Configuration Management,Parent Control,"Baseline configurations and codebases for production infrastructure, systems, and applications are securely managed.","CC6.8, CC7.1, CC8.1, PI1.3",,"CC6.8, CC7.1, CC8.1, PI1.3",,Change management policy; Pull request or change approval samples; Deployment/testing evidence; Configuration baseline evidence,baseline; configurations; codebases; production; infrastructure; applications; securely; managed,"Document change and configuration controls, retain approval/testing evidence, and maintain segregation between development and production.",Secureframe-derived sanitized control export
CM-03-3,CM-03,Change & Configuration Management,Child / Implementation Control,Pull/merge request template requirements are utilized to ensure consistently described code changes.,,"CC6.8, CC8.1, PI1.3","CC6.8, CC8.1, PI1.3",CIS_IG1_4_4.1,Change management policy; Pull request or change approval samples; Deployment/testing evidence; Configuration baseline evidence,pull; merge; request; template; requirements; utilized; ensure; consistently; described; code; changes,"Document change and configuration controls, retain approval/testing evidence, and maintain segregation between development and production.",Secureframe-derived sanitized control export
CM-05,,Change & Configuration Management,Parent Control,"Production data is not used in the development and testing environments, unless required for debugging customer issues.",CC8.1,,CC8.1,,Change management policy; Pull request or change approval samples; Deployment/testing evidence; Configuration baseline evidence,production; used; development; testing; environments; unless; required; debugging; customer; issues,"Document change and configuration controls, retain approval/testing evidence, and maintain segregation between development and production.",Secureframe-derived sanitized control export
CM-07,,Change & Configuration Management,Parent Control,"A Change Management Policy governs the documenting, tracking, testing, and approving of system, network, security, and infrastructure changes.","CC5.3, CC6.8, CC8.1, PI1.3",,"CC5.3, CC6.8, CC8.1, PI1.3",,Change management policy; Pull request or change approval samples; Deployment/testing evidence; Configuration baseline evidence,change; management; governs; documenting; tracking; testing; approving; network; security; infrastructure; changes,"Document change and configuration controls, retain approval/testing evidence, and maintain segregation between development and production.",Secureframe-derived sanitized control export
COM-04-1,COM-04,Communications,Child / Implementation Control,External communication channels are established to deliver communications to external parties.,P8.1,"CC2.3, CC7.4, CC7.5, P6.6","CC2.3, CC7.4, CC7.5, P6.6, P8.1",,External communication procedure; Published policy or terms; Security commitment communication; Incident/customer communication template,external; communication; channels; established; deliver; communications; parties,"Maintain documented internal and external communication channels, published commitments, and evidence of communication procedures.",Secureframe-derived sanitized control export
CT-1,,Custom / Technical Baseline,Parent Control,Retain datastore backups,,,,,Technical control configuration screenshot; Cloud service configuration export; Infrastructure-as-code evidence; Operational monitoring evidence,retain; datastore; backups,"Document the technical baseline control, retain configuration evidence, and map it to applicable SOC 2 criteria during review.",Secureframe-derived sanitized control export
CT-5,,Custom / Technical Baseline,Parent Control,Load balancers,,,,,Technical control configuration screenshot; Cloud service configuration export; Infrastructure-as-code evidence; Operational monitoring evidence,load; balancers,"Document the technical baseline control, retain configuration evidence, and map it to applicable SOC 2 criteria during review.",Secureframe-derived sanitized control export
IR-03,,Incident Response,Parent Control,"After any identified security incident has been resolved, management provides a ""Lessons Learned"" document to the team in order to continually improve security and operations.","CC7.4, CC7.5",,"CC7.4, CC7.5",,Incident response plan; Incident ticket or register; Lessons learned record; Tabletop exercise evidence; On-call/escalation schedule,after; identified; security; incident; been; resolved; management; provides; lessons; learned; document; team; order; continually; improve; operations,"Maintain incident response procedures, tracking evidence, communication records, and post-incident or tabletop lessons learned.",Secureframe-derived sanitized control export
NET-01,,Network & Endpoint Security,Parent Control,"The organization endpoints are managed and configured with a strong password policy, anti-virus, and hard drive encryption.","C1.1, CC6.1, CC6.7, CC6.8",,"C1.1, CC6.1, CC6.7, CC6.8",CIS_IG1_3_3.6,Firewall or security group export; Endpoint configuration profile; Logging/monitoring dashboard; Network diagram; Alerting configuration,endpoints; managed; configured; strong; password; anti; virus; hard; drive; encryption,"Maintain network, endpoint, logging, and monitoring configuration evidence, including review and alerting records where applicable.",Secureframe-derived sanitized control export
NET-01-11,NET-01,Network & Endpoint Security,Child / Implementation Control,Enforce configurations and monitoring for automatic security updates and local firewalls on user endpoints.,,"C1.1, CC6.1, CC6.7, CC6.8","C1.1, CC6.1, CC6.7, CC6.8",CIS_IG1_4_4.1,Firewall or security group export; Endpoint configuration profile; Logging/monitoring dashboard; Network diagram; Alerting configuration,enforce; configurations; monitoring; automatic; security; updates; local; firewalls; endpoints,"Maintain network, endpoint, logging, and monitoring configuration evidence, including review and alerting records where applicable.",Secureframe-derived sanitized control export
NET-01-12,NET-01,Network & Endpoint Security,Child / Implementation Control,Enforce configuration and monitoring for local firewalls on user endpoints.,,"C1.1, CC6.1, CC6.7, CC6.8","C1.1, CC6.1, CC6.7, CC6.8",CIS_IG1_4_4.5,Firewall or security group export; Endpoint configuration profile; Logging/monitoring dashboard; Network diagram; Alerting configuration,enforce; configuration; monitoring; local; firewalls; endpoints,"Maintain network, endpoint, logging, and monitoring configuration evidence, including review and alerting records where applicable.",Secureframe-derived sanitized control export
NET-01-2,NET-01,Network & Endpoint Security,Child / Implementation Control,Session timeout and screen lock configurations are managed.,,"C1.1, CC6.1, CC6.7, CC6.8","C1.1, CC6.1, CC6.7, CC6.8",CIS_IG1_4_4.3,Firewall or security group export; Endpoint configuration profile; Logging/monitoring dashboard; Network diagram; Alerting configuration,session; timeout; screen; lock; configurations; managed,"Maintain network, endpoint, logging, and monitoring configuration evidence, including review and alerting records where applicable.",Secureframe-derived sanitized control export
NET-01-7,NET-01,Network & Endpoint Security,Child / Implementation Control,"Ensure all anti-malware software is kept current, performs periodic scanning and generates audit logs.",,"C1.1, CC6.1, CC6.7, CC6.8","C1.1, CC6.1, CC6.7, CC6.8",CIS_IG1_10_10.2,Firewall or security group export; Endpoint configuration profile; Logging/monitoring dashboard; Network diagram; Alerting configuration,ensure; anti; malware; software; kept; current; performs; periodic; scanning; generates; audit; logs,"Maintain network, endpoint, logging, and monitoring configuration evidence, including review and alerting records where applicable.",Secureframe-derived sanitized control export
NET-02,,Network & Endpoint Security,Parent Control,Security tools are implemented to provide monitoring of network traffic to the production environment.,"CC6.6, CC7.1, CC7.2",,"CC6.6, CC7.1, CC7.2",,Firewall or security group export; Endpoint configuration profile; Logging/monitoring dashboard; Network diagram; Alerting configuration,security; tools; implemented; provide; monitoring; network; traffic; production; environment,"Maintain network, endpoint, logging, and monitoring configuration evidence, including review and alerting records where applicable.",Secureframe-derived sanitized control export
NET-03-17,NET-03,Network & Endpoint Security,Child / Implementation Control,"Firewall rulesets, protocols, and network security groups are configured in infrastructure systems.",,"CC6.1, CC6.6","CC6.1, CC6.6",CIS_IG1_4_4.4,Firewall or security group export; Endpoint configuration profile; Logging/monitoring dashboard; Network diagram; Alerting configuration,firewall; rulesets; protocols; network; security; groups; configured; infrastructure,"Maintain network, endpoint, logging, and monitoring configuration evidence, including review and alerting records where applicable.",Secureframe-derived sanitized control export
NET-03-5-1,NET-03,Network & Endpoint Security,Child / Implementation Control,"Security measures are implemented for infrastructure systems, including restricting access, disabling unnecessary features, and configuring least functionality for protocols and services.",,"CC6.1, CC6.6","CC6.1, CC6.6",CIS_IG1_4_4.6,Firewall or security group export; Endpoint configuration profile; Logging/monitoring dashboard; Network diagram; Alerting configuration,security; measures; implemented; infrastructure; including; restricting; disabling; unnecessary; features; configuring; least; functionality; protocols; services,"Maintain network, endpoint, logging, and monitoring configuration evidence, including review and alerting records where applicable.",Secureframe-derived sanitized control export
NET-06-5,NET-06,Network & Endpoint Security,Child / Implementation Control,A data-flow diagram is maintained.,"PI1.1, PI1.3","CC2.2, CC5.3, CC6.6, CC7.2","CC2.2, CC5.3, CC6.6, CC7.2, PI1.1, PI1.3",,Firewall or security group export; Endpoint configuration profile; Logging/monitoring dashboard; Network diagram; Alerting configuration,flow; diagram,"Maintain network, endpoint, logging, and monitoring configuration evidence, including review and alerting records where applicable.",Secureframe-derived sanitized control export
NET-24,,Network & Endpoint Security,Parent Control,Domain Name System Security Extensions (DNSSEC) has been implemented in order to provide data origin authentication and integrity verification.,,,,CIS_IG1_9_9.2,Firewall or security group export; Endpoint configuration profile; Logging/monitoring dashboard; Network diagram; Alerting configuration,domain; name; security; extensions; dnssec; been; implemented; order; provide; origin; authentication; integrity; verification,"Maintain network, endpoint, logging, and monitoring configuration evidence, including review and alerting records where applicable.",Secureframe-derived sanitized control export
ORG-04,,Governance / Organization,Parent Control,Internal personnel are evaluated via a formal performance review at least annually,"CC1.1, CC1.4, CC1.5",,"CC1.1, CC1.4, CC1.5",,Policy document; Policy acknowledgement report; Training completion report; Org chart; Management review evidence,internal; evaluated; formal; performance; least; annually,"Maintain governance documentation, policy review/acknowledgement records, training evidence, and management oversight evidence.",Secureframe-derived sanitized control export
ORG-06,,Governance / Organization,Parent Control,"Management maintains a formal organizational chart to clearly identify positions of authority and the lines of communication, and publishes the organizational chart to internal personnel.","CC1.3, CC1.5",,"CC1.3, CC1.5",,Policy document; Policy acknowledgement report; Training completion report; Org chart; Management review evidence,management; maintains; formal; organizational; chart; clearly; identify; positions; authority; lines; communication; publishes; internal,"Maintain governance documentation, policy review/acknowledgement records, training evidence, and management oversight evidence.",Secureframe-derived sanitized control export
ORG-07,,Governance / Organization,Parent Control,"Background checks or their equivalent are performed before or promptly after a new hires start date, as permitted by local laws.",CC1.4,,CC1.4,,Policy document; Policy acknowledgement report; Training completion report; Org chart; Management review evidence,background; checks; their; equivalent; performed; before; promptly; after; hires; start; date; permitted; local; laws,"Maintain governance documentation, policy review/acknowledgement records, training evidence, and management oversight evidence.",Secureframe-derived sanitized control export
ORG-09-4,ORG-09,Governance / Organization,Child / Implementation Control,Review and update role-based training content annually.,,"CC1.4, CC2.2","CC1.4, CC2.2",CIS_IG1_14_14.1,Policy document; Policy acknowledgement report; Training completion report; Org chart; Management review evidence,update; role; training; content; annually,"Maintain governance documentation, policy review/acknowledgement records, training evidence, and management oversight evidence.",Secureframe-derived sanitized control export
ORG-10-1,ORG-10,Governance / Organization,Child / Implementation Control,A policy is in place to govern the acceptable use of assets and information.,,"CC5.3, CC6.7, CC6.8","CC5.3, CC6.7, CC6.8",CIS_IG1_14_14.8,Policy document; Policy acknowledgement report; Training completion report; Org chart; Management review evidence,place; govern; acceptable; assets; information,"Maintain governance documentation, policy review/acknowledgement records, training evidence, and management oversight evidence.",Secureframe-derived sanitized control export
ORG-10-11,ORG-10,Governance / Organization,Child / Implementation Control,A policy is in place to govern the acceptable use of assets and information.,,"CC5.3, CC6.7, CC6.8","CC5.3, CC6.7, CC6.8",CIS_IG1_2_2.3,Policy document; Policy acknowledgement report; Training completion report; Org chart; Management review evidence,place; govern; acceptable; assets; information,"Maintain governance documentation, policy review/acknowledgement records, training evidence, and management oversight evidence.",Secureframe-derived sanitized control export
ORG-14,,Governance / Organization,Parent Control,"An Internal Control Policy identifies how a system of controls should be maintained to safeguard assets, promote operational efficiency, and encourage adherence to prescribed managerial policies.","CC1.1, CC1.4, CC1.5, CC4.1, CC5.1, CC5.2, CC5.3",,"CC1.1, CC1.4, CC1.5, CC4.1, CC5.1, CC5.2, CC5.3",,Policy document; Policy acknowledgement report; Training completion report; Org chart; Management review evidence,internal; identifies; should; safeguard; assets; promote; operational; efficiency; encourage; adherence; prescribed; managerial; policies,"Maintain governance documentation, policy review/acknowledgement records, training evidence, and management oversight evidence.",Secureframe-derived sanitized control export
ORG-16-1,ORG-16,Governance / Organization,Child / Implementation Control,"Management is responsible for the design, implementation, and management of the organization’s security policies and procedures. The policies and procedures are reviewed by management at least annually.",,CC5.3,CC5.3,CIS_IG1_17_17.1,Policy document; Policy acknowledgement report; Training completion report; Org chart; Management review evidence,management; responsible; design; implementation; security; policies; procedures; least; annually,"Maintain governance documentation, policy review/acknowledgement records, training evidence, and management oversight evidence.",Secureframe-derived sanitized control export
ORG-17,,Governance / Organization,Parent Control,Internal personnel review and accept applicable information security policies at least annually.,CC5.3,,CC5.3,,Policy document; Policy acknowledgement report; Training completion report; Org chart; Management review evidence,internal; accept; information; security; policies; least; annually,"Maintain governance documentation, policy review/acknowledgement records, training evidence, and management oversight evidence.",Secureframe-derived sanitized control export
ORG-18,,Governance / Organization,Parent Control,"Roles and responsibilities related to security [, availability, processing integrity, confidentiality, and privacy] for all personnel and executive roles are outlined in job descriptions and policies, as applicable","CC1.3, CC2.2, CC5.2, CC5.3",,"CC1.3, CC2.2, CC5.2, CC5.3",,Policy document; Policy acknowledgement report; Training completion report; Org chart; Management review evidence,roles; responsibilities; related; security; availability; processing; integrity; confidentiality; privacy; executive; outlined; descriptions; policies,"Maintain governance documentation, policy review/acknowledgement records, training evidence, and management oversight evidence.",Secureframe-derived sanitized control export
PHYS-06,,Physical Security,Parent Control,Repairs and maintenance to physical components within inscope facilities are performed.,CC6.4,,CC6.4,,Physical security policy; Visitor log sample; Physical access review; Facility access control evidence,repairs; maintenance; physical; components; within; inscope; facilities; performed,"Maintain physical security procedures and evidence of visitor controls, access provisioning, review, and facility safeguards.",Secureframe-derived sanitized control export
RA-04,,Risk & Vendor Management,Parent Control,A Vendor Risk Management Policy defines a framework for the onboarding and management of the vendor relationship lifecycle.,"CC5.1, CC5.3, CC9.2, P6.4",,"CC5.1, CC5.3, CC9.2, P6.4",CIS_IG1_15_15.1,Risk assessment; Risk register; Vendor inventory; Vendor due diligence records; Vendor SOC 2 review,vendor; risk; management; defines; framework; onboarding; relationship; lifecycle,"Maintain risk assessment, vendor risk, risk register, and mitigation evidence with management review and periodic reassessment.",Secureframe-derived sanitized control export
VM-02-11,VM-02,Vulnerability Management,Child / Implementation Control,Enforces automatic security updates on user endpoints and cloud infrastructure patching,,"CC2.1, CC3.2, CC4.1, CC4.2, CC7.1","CC2.1, CC3.2, CC4.1, CC4.2, CC7.1",CIS_IG1_7_7.3,Vulnerability scan report; Patch management report; Remediation tracker; Penetration test report; Exception register,enforces; automatic; security; updates; endpoints; cloud; infrastructure; patching,"Maintain vulnerability scanning, remediation, patching, and penetration testing evidence with tracking through resolution.",Secureframe-derived sanitized control export
VM-02-2,VM-02,Vulnerability Management,Child / Implementation Control,System components are patched with the latest security updates.,,"CC2.1, CC3.2, CC4.1, CC4.2, CC7.1","CC2.1, CC3.2, CC4.1, CC4.2, CC7.1","CIS_IG1_12_12.1, CIS_IG1_7_7.3",Vulnerability scan report; Patch management report; Remediation tracker; Penetration test report; Exception register,components; patched; latest; security; updates,"Maintain vulnerability scanning, remediation, patching, and penetration testing evidence with tracking through resolution.",Secureframe-derived sanitized control export
VM-02-9,VM-02,Vulnerability Management,Child / Implementation Control,"Vulnerabilities are monitored using organization-defined frequency and tools, ensuring the capability to easily update scanned vulnerabilities.",,"CC2.1, CC3.2, CC4.1, CC4.2, CC7.1","CC2.1, CC3.2, CC4.1, CC4.2, CC7.1","CIS_IG1_7_7.1, CIS_IG1_7_7.2",Vulnerability scan report; Patch management report; Remediation tracker; Penetration test report; Exception register,vulnerabilities; monitored; defined; frequency; tools; ensuring; capability; easily; update; scanned,"Maintain vulnerability scanning, remediation, patching, and penetration testing evidence with tracking through resolution.",Secureframe-derived sanitized control export
